                  epoch,             train/loss,  metrics/accuracy_top1,  metrics/accuracy_top5,               val/loss,                 lr/pg0,                 lr/pg1,                 lr/pg2
                      1,                 2.1329,                0.96634,                      1,                 2.0954,             0.00023666,             0.00023666,             0.00023666
                      2,                0.54808,                      1,                      1,                 1.8283,             0.00046526,             0.00046526,             0.00046526
                      3,                0.16822,                      1,                      1,                 1.8182,             0.00068443,             0.00068443,             0.00068443
                      4,                 0.0849,                      1,                      1,                 1.8173,             0.00067159,             0.00067159,             0.00067159
                      5,                 0.0472,                      1,                      1,                 1.8169,             0.00067159,             0.00067159,             0.00067159
