                  epoch,             train/loss,  metrics/accuracy_top1,  metrics/accuracy_top5,               val/loss,                 lr/pg0,                 lr/pg1,                 lr/pg2
                      1,                 2.1361,                0.97983,                      1,                  2.064,             0.00023666,             0.00023666,             0.00023666
                      2,                0.58135,                0.99712,                      1,                 1.8389,             0.00038067,             0.00038067,             0.00038067
                      3,                0.20391,                      1,                      1,                 1.8197,             0.00043044,             0.00043044,             0.00043044
                      4,                0.10344,                      1,                      1,                 1.8175,             0.00028988,             0.00028988,             0.00028988
                      5,                0.08184,                      1,                      1,                 1.8168,             0.00028988,             0.00028988,             0.00028988
